INSERT INTO Students (name, gender, email_id, password, personal_email_id, joining_term, joining_year, phone_number,
                      nationality)
VALUES ('John Doe', 'Male', 'john.doe@university.edu', 'student@123', 'johndoe@gmail.com', 'FALL', 2023, '1234567890',
        'USA'),
       ('Jane Smith', 'Female', 'jane.smith@university.edu', 'student@123', 'janesmith@yahoo.com', 'WINTER', 2022,
        '0987654321',
        'Canada'),
       ('Alice Johnson', 'Female', 'alice.johnson@university.edu', 'student@123', 'alicej@yahoo.com', 'SUMMER', 2024,
        '9876543210',
        'UK'),
       ('Bob Williams', 'Male', 'bob.williams@university.edu', 'student@123', 'bobw@gmail.com', 'FALL', 2021,
        '5678901834', 'Germany'),
       ('Charlie Brown', 'Other', 'charlie.brown@university.edu', 'student@123', 'charlieb@gmail.com', 'WINTER', 2023,
        '2345678901',
        'France'),
       ('David Miller', 'Male', 'david.miller@university.edu', 'student@123', 'davidm@yahoo.com', 'FALL', 2022,
        '3456789012', 'USA'),
       ('Emma Wilson', 'Female', 'emma.wilson@university.edu', 'student@123', 'emmaw@gmail.com', 'SUMMER', 2023,
        '4567890123',
        'Canada'),
       ('Frank Thomas', 'Male', 'frank.thomas@university.edu', 'student@123', 'frankt@gmail.com', 'WINTER', 2024,
        '5678901234', 'UK'),
       ('Grace Lee', 'Female', 'grace.lee@university.edu', 'student@123', 'gracel@gmail.com', 'FALL', 2021,
        '6789012345', 'Germany'),
       ('Henry Martin', 'Male', 'henry.martin@university.edu', 'student@123', 'henrym@gmail.com', 'SUMMER', 2022,
        '7890123456',
        'France'),
       ('Isabella Moore', 'Female', 'isabella.moore@university.edu', 'student@123', 'isabellam@gmail.com', 'WINTER',
        2023,
        '8901234567', 'USA'),
       ('Jack Taylor', 'Male', 'jack.taylor@university.edu', 'student@123', 'jackt@gmail.com', 'FALL', 2022,
        '9012345678', 'Canada'),
       ('Karen Anderson', 'Female', 'karen.anderson@university.edu', 'student@123', 'karena@gmail.com', 'SUMMER', 2023,
        '1234509876',
        'UK'),
       ('Liam Harris', 'Male', 'liam.harris@university.edu', 'student@123', 'liamh@gmail.com', 'WINTER', 2024,
        '2345609875',
        'Germany'),
       ('Mia Clark', 'Female', 'mia.clark@university.edu', 'student@123', 'miac@gmail.com', 'FALL', 2021, '3456709864',
        'France'),
       ('Noah Lewis', 'Male', 'noah.lewis@university.edu', 'student@123', 'noahl@gmail.com', 'SUMMER', 2022,
        '4567809853', 'USA'),
       ('Olivia Walker', 'Female', 'olivia.walker@university.edu', 'student@123', 'oliviaw@gmail.com', 'WINTER', 2023,
        '5678909842',
        'Canada'),
       ('Paul Hall', 'Male', 'paul.hall@university.edu', 'student@123', 'paulh@gmail.com', 'FALL', 2022, '6789009831',
        'UK'),
       ('Quincy Scott', 'Other', 'quincy.scott@university.edu', 'student@123', 'quincys@gmail.com', 'SUMMER', 2023,
        '7890109820',
        'Germany');
INSERT INTO Student_Address (student_id, street, aptno, city, state, zip)
VALUES (1, '123 Maple St', 'Apt 1', 'New York', 'NY', '10001'),
       (2, '456 Oak Ave', 'Suite 200', 'Los Angeles', 'CA', '90001'),
       (3, '789 Pine Rd', 'Apt 5B', 'Chicago', 'IL', '60601'),
       (4, '321 Cedar Ln', NULL, 'Houston', 'TX', '77001'),
       (5, '654 Birch Blvd', 'Apt 12C', 'San Francisco', 'CA', '94101'),
       (6, '987 Elm St', NULL, 'Seattle', 'WA', '98101'),
       (7, '159 Walnut Dr', 'Apt 3A', 'Miami', 'FL', '33101'),
       (8, '753 Chestnut Ct', NULL, 'Boston', 'MA', '02101'),
       (9, '852 Hickory Way', 'Apt 7D', 'Denver', 'CO', '80201'),
       (10, '963 Poplar Ln', 'Unit 4E', 'Phoenix', 'AZ', '85001'),
       (11, '147 Spruce St', 'Suite 500', 'Philadelphia', 'PA', '19101'),
       (12, '258 Redwood Dr', NULL, 'Dallas', 'TX', '75201'),
       (13, '369 Cypress Ave', 'Apt 2B', 'Atlanta', 'GA', '30301'),
       (14, '741 Aspen Rd', NULL, 'Detroit', 'MI', '48201'),
       (15, '852 Sycamore Ln', 'Unit 9C', 'Minneapolis', 'MN', '55401'),
       (16, '963 Magnolia Blvd', 'Apt 10A', 'San Diego', 'CA', '92101'),
       (17, '147 Palm Ct', NULL, 'Portland', 'OR', '97201'),
       (18, '258 Willow Dr', 'Suite 110', 'Las Vegas', 'NV', '89101'),
       (19, '369 Fir Ave', 'Apt 6F', 'Austin', 'TX', '73301');



INSERT INTO Staffs (name, gender, designation)
VALUES ('Dr. Sarah Adams', 'Female', 'Dean'),
       ('Prof. Michael Bennett', 'Male', 'Professor'),
       ('Dr. Emily Clark', 'Female', 'Vice Professor'),
       ('Mr. James Dalton', 'Male', 'Instructor'),
       ('Dr. Olivia Evans', 'Female', 'President'),
       ('Dr. Robert Harris', 'Male', 'Vice President'),
       ('Prof. Anna White', 'Female', 'Professor'),
       ('Dr. Brian Green', 'Male', 'Dean'),
       ('Prof. Laura Scott', 'Female', 'Vice Professor'),
       ('Mr. Eric Cooper', 'Male', 'Instructor'),
       ('Dr. Sophia Lee', 'Female', 'Dean'),
       ('Prof. Thomas Martinez', 'Male', 'Professor'),
       ('Dr. Rachel Carter', 'Female', 'Vice Professor'),
       ('Mr. Kevin Brown', 'Male', 'Instructor'),
       ('Dr. William Anderson', 'Male', 'President'),
       ('Prof. Nancy Moore', 'Female', 'Professor'),
       ('Dr. Daniel Clark', 'Male', 'Vice President'),
       ('Prof. Olivia Taylor', 'Female', 'Professor'),
       ('Dr. Henry Wilson', 'Male', 'Dean'),
       ('Mr. Jacob Lewis', 'Male', 'Instructor');
INSERT INTO staff_address (staff_id, street, aptno, city, state, zip)
VALUES (1, '123 Elm St', 'Apt 101', 'New York', 'NY', '10001'),
       (2, '456 Oak St', 'Apt 202', 'Los Angeles', 'CA', '90001'),
       (3, '789 Pine St', 'Apt 303', 'Chicago', 'IL', '60601'),
       (4, '101 Maple Ave', 'Apt 404', 'Houston', 'TX', '77001'),
       (5, '202 Birch Rd', 'Apt 505', 'Phoenix', 'AZ', '85001'),
       (6, '303 Cedar Blvd', 'Apt 606', 'Philadelphia', 'PA', '19101'),
       (7, '404 Willow Way', 'Apt 707', 'San Antonio', 'TX', '78201'),
       (8, '505 Redwood Ln', 'Apt 808', 'San Diego', 'CA', '92101'),
       (9, '606 Aspen Dr', 'Apt 909', 'Dallas', 'TX', '75201'),
       (10, '707 Fir Ct', 'Apt 1010', 'San Jose', 'CA', '95101'),
       (11, '808 Cherry Pl', 'Apt 1111', 'Austin', 'TX', '73301'),
       (12, '909 Walnut St', 'Apt 1212', 'Jacksonville', 'FL', '32201'),
       (13, '1001 Chestnut Ave', 'Apt 1313', 'Fort Worth', 'TX', '76101'),
       (14, '1102 Maplewood Dr', 'Apt 1414', 'Columbus', 'OH', '43201'),
       (15, '1203 Oakwood Dr', 'Apt 1515', 'Indianapolis', 'IN', '46201'),
       (16, '1304 Pinehill Rd', 'Apt 1616', 'Charlotte', 'NC', '28201'),
       (17, '1405 Willowbrook Ln', 'Apt 1717', 'Detroit', 'MI', '48201'),
       (18, '1506 Sequoia Blvd', 'Apt 1818', 'Seattle', 'WA', '98101'),
       (19, '1607 Redwood Rd', 'Apt 1919', 'Denver', 'CO', '80201'),
       (20, '1708 Maple St', 'Apt 2020', 'Washington', 'DC', '20001');
INSERT INTO Department (dean_id)
VALUES (1),
       (2),
       (3),
       (4),
       (5),
       (6),
       (7),
       (8),
       (9),
       (10),
       (11),
       (12),
       (13),
       (14),
       (15),
       (16),
       (17),
       (18),
       (19),
       (20);
INSERT INTO Programs (name, level, department_id)
VALUES ('Bachelor of Computer Science', 'UG', 1),
       ('Master of Computer Science', 'PG', 1),
       ('Doctorate in Computer Science', 'DR.', 1),
       ('Bachelor of Electrical Engineering', 'UG', 2),
       ('Master of Electrical Engineering', 'PG', 2),
       ('Doctorate in Electrical Engineering', 'DR.', 2),
       ('Bachelor of Mechanical Engineering', 'UG', 3),
       ('Master of Mechanical Engineering', 'PG', 3),
       ('Doctorate in Mechanical Engineering', 'DR.', 3),
       ('Bachelor of Civil Engineering', 'UG', 4),
       ('Master of Civil Engineering', 'PG', 4),
       ('Doctorate in Civil Engineering', 'DR.', 4),
       ('Bachelor of Chemical Engineering', 'UG', 5),
       ('Master of Chemical Engineering', 'PG', 5),
       ('Doctorate in Chemical Engineering', 'DR.', 5),
       ('Bachelor of Business Administration', 'UG', 6),
       ('Master of Business Administration', 'PG', 6),
       ('Doctorate in Business Administration', 'DR.', 6),
       ('Bachelor of Arts in Psychology', 'UG', 7),
       ('Master of Arts in Psychology', 'PG', 7);

INSERT INTO College (name, president_id)
VALUES ('Harvard University', 1),
       ('Stanford University', 2),
       ('Massachusetts Institute of Technology', 3),
       ('University of California, Berkeley', 4),
       ('California Institute of Technology', 5),
       ('Princeton University', 6),
       ('University of Chicago', 7),
       ('Columbia University', 8),
       ('Yale University', 9),
       ('University of Pennsylvania', 10),
       ('Oxford University', 11),
       ('Cambridge University', 12),
       ('University of Tokyo', 13),
       ('Peking University', 14),
       ('University of Melbourne', 15),
       ('Imperial College London', 16),
       ('ETH Zurich', 17),
       ('National University of Singapore', 18),
       ('University of Toronto', 19),
       ('Australian National University', 20);
INSERT INTO college_department (college_id, department_id)
VALUES (1, 1),
       (1, 2),
       (1, 3),
       (1, 4),
       (2, 5),
       (2, 6),
       (2, 7),
       (2, 8),
       (3, 9),
       (3, 10),
       (3, 11),
       (3, 12),
       (4, 13),
       (4, 14),
       (4, 15),
       (4, 16),
       (5, 17),
       (5, 18),
       (5, 19),
       (5, 20);
INSERT INTO Courses (course_code, name, credits, total_hours, pre_requisite)
VALUES ('CS101', 'Introduction to Computer Science', 3, 40, NULL),
       ('CS102', 'Data Structures and Algorithms', 4, 50, 1),
       ('CS103', 'Discrete Mathematics', 3, 40, NULL),
       ('CS104', 'Computer Architecture', 3, 45, 2),
       ('CS105', 'Operating Systems', 4, 50, 4),
       ('CS106', 'Database Management Systems', 3, 40, 2),
       ('CS107', 'Software Engineering', 3, 45, 6),
       ('CS108', 'Computer Networks', 3, 40, 5),
       ('CS109', 'Artificial Intelligence', 3, 45, 7),
       ('CS110', 'Machine Learning', 4, 50, 9),
       ('CS111', 'Data Science', 3, 40, 10),
       ('CS112', 'Cybersecurity Fundamentals', 3, 40, NULL),
       ('CS113', 'Web Development', 3, 40, NULL),
       ('CS114', 'Mobile Application Development', 3, 45, 13),
       ('CS115', 'Cloud Computing', 3, 40, 8),
       ('CS116', 'Big Data Analytics', 4, 50, 11),
       ('CS117', 'Computer Graphics', 3, 40, 4),
       ('CS118', 'Human-Computer Interaction', 3, 40, 7),
       ('CS119', 'Blockchain Technology', 3, 45, 12),
       ('CS120', 'Quantum Computing', 3, 40, 19);
INSERT INTO program_registration (student_id, program_id)
VALUES (1, 1),
       (2, 2),
       (3, 3),
       (4, 4),
       (5, 5),
       (6, 6),
       (7, 7),
       (8, 8),
       (9, 9),
       (10, 10),
       (11, 1),
       (12, 2),
       (13, 3),
       (14, 4),
       (15, 5),
       (16, 6),
       (17, 7),
       (18, 8),
       (19, 9);

INSERT INTO department_staff (department_id, staff_id)
VALUES (1, 1),
       (1, 2),
       (1, 3),
       (2, 4),
       (2, 5),
       (2, 6),
       (3, 7),
       (3, 8),
       (3, 9),
       (4, 10),
       (4, 11),
       (4, 12),
       (5, 13),
       (5, 14),
       (5, 15),
       (6, 16),
       (6, 17),
       (6, 18),
       (7, 19),
       (7, 20);
INSERT INTO Classrooms (room_number, max_acc)
VALUES ('A101', 30),
       ('A102', 35),
       ('A103', 40),
       ('B201', 50),
       ('B202', 45),
       ('B203', 60),
       ('C301', 25),
       ('C302', 30),
       ('C303', 40),
       ('D401', 50),
       ('D402', 55),
       ('D403', 60),
       ('E501', 40),
       ('E502', 45),
       ('E503', 50),
       ('F601', 35),
       ('F602', 40),
       ('F603', 45),
       ('G701', 25),
       ('G702', 30);
INSERT INTO Classrooms (room_number, max_acc)
VALUES ('A101', 30),
       ('A102', 40),
       ('A103', 50),
       ('B201', 60),
       ('B202', 45),
       ('B203', 55),
       ('C301', 40),
       ('C302', 35),
       ('C303', 50),
       ('D401', 65),
       ('D402', 70),
       ('D403', 60),
       ('E501', 30),
       ('E502', 40),
       ('E503', 45),
       ('F601', 55),
       ('F602', 50),
       ('F603', 45),
       ('G701', 40),
       ('G702', 60);
INSERT INTO courses_offered (course_id, lectured_by, semester, year, start_time, end_time, day_of_week, class_room_id)
VALUES (1, 1, 'FALL', 2025, '09:00', '11:00', 'Monday', 1),
       (2, 2, 'FALL', 2025, '11:00', '13:00', 'Monday', 2),
       (3, 3, 'WINTER', 2025, '09:00', '11:00', 'Tuesday', 3),
       (4, 4, 'WINTER', 2025, '11:00', '13:00', 'Tuesday', 4),
       (5, 5, 'SUMMER', 2025, '09:00', '11:00', 'Wednesday', 5),
       (6, 6, 'SUMMER', 2025, '11:00', '13:00', 'Wednesday', 6),
       (7, 7, 'FALL', 2025, '09:00', '11:00', 'Thursday', 7),
       (8, 8, 'FALL', 2025, '11:00', '13:00', 'Thursday', 8),
       (9, 9, 'WINTER', 2025, '09:00', '11:00', 'Friday', 9),
       (10, 10, 'WINTER', 2025, '11:00', '13:00', 'Friday', 10),
       (11, 11, 'SUMMER', 2025, '09:00', '11:00', 'Monday', 11),
       (12, 12, 'SUMMER', 2025, '11:00', '13:00', 'Monday', 12),
       (13, 13, 'FALL', 2025, '09:00', '11:00', 'Tuesday', 13),
       (14, 14, 'FALL', 2025, '11:00', '13:00', 'Tuesday', 14),
       (15, 15, 'WINTER', 2025, '09:00', '11:00', 'Wednesday', 15),
       (16, 16, 'WINTER', 2025, '11:00', '13:00', 'Wednesday', 16),
       (17, 17, 'SUMMER', 2025, '09:00', '11:00', 'Thursday', 17),
       (18, 18, 'SUMMER', 2025, '11:00', '13:00', 'Thursday', 18),
       (19, 19, 'FALL', 2025, '09:00', '11:00', 'Friday', 19),
       (20, 20, 'FALL', 2025, '11:00', '13:00', 'Friday', 20);
INSERT INTO course_registration (student_id, course_offered_id)
VALUES (1, 1),
       (1, 2),
       (2, 3),
       (2, 4),
       (3, 5),
       (3, 6),
       (4, 7),
       (4, 8),
       (5, 9),
       (5, 10),
       (6, 11),
       (6, 12),
       (7, 13),
       (7, 14),
       (8, 15),
       (8, 16),
       (9, 17),
       (9, 18),
       (10, 19),
       (10, 20);
INSERT INTO timetable (courses_offered_id, class_date)
VALUES (1, '2025-09-01'),
       (2, '2025-09-02'),
       (3, '2025-09-03'),
       (4, '2025-09-04'),
       (5, '2025-09-05'),
       (6, '2025-09-08'),
       (7, '2025-09-09'),
       (8, '2025-09-10'),
       (9, '2025-09-11'),
       (10, '2025-09-12'),
       (11, '2025-09-15'),
       (12, '2025-09-16'),
       (13, '2025-09-17'),
       (14, '2025-09-18'),
       (15, '2025-09-19'),
       (16, '2025-09-22'),
       (17, '2025-09-23'),
       (18, '2025-09-24'),
       (19, '2025-09-25'),
       (20, '2025-09-26');
INSERT INTO attendance (student_id, timetable_id, is_present)
VALUES (1, 1, TRUE),
       (1, 2, FALSE),
       (2, 3, TRUE),
       (2, 4, TRUE),
       (3, 5, FALSE),
       (3, 6, TRUE),
       (4, 7, TRUE),
       (4, 8, FALSE),
       (5, 9, TRUE),
       (5, 10, TRUE),
       (6, 11, FALSE),
       (6, 12, TRUE),
       (7, 13, TRUE),
       (7, 14, TRUE),
       (8, 15, FALSE),
       (8, 16, TRUE),
       (9, 17, TRUE),
       (9, 18, TRUE),
       (10, 19, FALSE),
       (10, 20, TRUE);
